<?xml version="1.0" encoding="utf-8" ?>
<modification>
    
	<name>Collect Payment Later</name>
    <code>collect_payment_later</code>
	<version>v2023-5-05</version>
	<author>Clear Thinking, LLC</author>
	<link>https://www.getclearthinking.com/contact?inquiry=Question regarding Collect Payment Later: </link>
	
	<!-- Admin Panel Edits -->
	<file path="admin/controller/sale/order.php">
		<!-- OpenCart 2.0-2.1 -->
		<operation error="skip">
			<search trim="true"><![CDATA[
				order_list.tpl', $data));
			]]></search>
			<add position="before" trim="true"><![CDATA[
				$data = $this->load->controller('extension/payment/collect_payment_later/addButton', $data);
			]]></add>
		</operation>
		<operation error="skip">
			<search trim="true"><![CDATA[
				order_info.tpl', $data));
			]]></search>
			<add position="before" trim="true"><![CDATA[
				$data = $this->load->controller('extension/payment/collect_payment_later/addButton', $data);
			]]></add>
		</operation>
		<!-- OpenCart 2.2+ -->
		<operation error="skip">
			<search trim="true"><![CDATA[
				$this->response->setOutput($this->load->view('sale/order_list', $data));
			]]></search>
			<add position="before" trim="true"><![CDATA[
				$data = $this->load->controller('extension/payment/collect_payment_later/addButton', $data);
			]]></add>
		</operation>
		<operation error="skip">
			<search trim="true"><![CDATA[
				$this->response->setOutput($this->load->view('sale/order_info', $data));
			]]></search>
			<add position="before" trim="true"><![CDATA[
				$data = $this->load->controller('extension/payment/collect_payment_later/addButton', $data);
			]]></add>
		</operation>
	</file>
	
	<!-- Front-end Edits -->
	<file path="catalog/controller/checkout/checkout.php">
		<operation error="skip">
			<search trim="true"><![CDATA[
				public function index() {
			]]></search>
			<add position="after" trim="true"><![CDATA[
				// Clear Thinking: Collect Payment Later
				unset($this->session->data['payment_in_process']);
				// end
			]]></add>
		</operation>
	</file>
	
	<file path="catalog/model/checkout/order.php">
		<operation error="skip">
			<search trim="true"><![CDATA[
				$this->db->query("INSERT INTO " . DB_PREFIX . "order_history SET order_id = '" . (int)$order_id . "', order_status_id = '" . (int)$order_status_id . "', notify = '" . (int)$notify . "', comment = '" . $this->db->escape($comment) . "', date_added = NOW()");
			]]></search>
			<add position="after" trim="true"><![CDATA[
				$this->load->controller('extension/payment/collect_payment_later/sendPaymentLink', array($order_id));
			]]></add>
		</operation>
	</file>
	
	<file path="catalog/controller/checkout/success.php">
		<operation error="skip">
			<search trim="true"><![CDATA[
				if (isset($this->session->data['order_id'])) {
			]]></search>
			<add position="after" trim="true"><![CDATA[
				$this->load->controller('extension/payment/collect_payment_later/sendAdminEmail');
			]]></add>
		</operation>
	</file>
	
	<!-- "Pay Now" button -->
	<file path="catalog/controller/account/order.php">
		<!-- OpenCart 2.0-2.1 -->
		<operation error="skip">
			<search trim="true"><![CDATA[
				order_list.tpl', $data));
			]]></search>
			<add position="before" trim="true"><![CDATA[
				$data = $this->load->controller('extension/payment/collect_payment_later/addButton', $data);
			]]></add>
		</operation>
		<!-- OpenCart 2.2+ -->
		<operation error="skip">
			<search trim="true"><![CDATA[
				$this->response->setOutput($this->load->view('account/order_list', $data));
			]]></search>
			<add position="before" trim="true"><![CDATA[
				$data = $this->load->controller('extension/payment/collect_payment_later/addButton', $data);
			]]></add>
		</operation>
	</file>
	
</modification>